TABLE_NAME,LRF_SCHEMA,TABLE_SCHEMA_MAPPINGS,NEED_VALIDATION,PARSING_ERROR,ADD_UPDT_DT,ADD_LOAD_DT,FUNCTION_MAPPINGS
qltrcs_srvy_prep,"case_id,resp_id,lang_cd,end_dt_tm,feed_back_txt,ovral_rep_stsfn_desc,knlg_and_exprts_desc,req_rsol_ind,agnt_id,topic_desc,sb_topic_desc,case_sts,bus_unit_nm,srv_lvl_type,enge_type,otcm_txt","{""case_id"": ""case_id"", ""resp_id"": ""resp_id"", ""lang_cd"": ""lang_cd"", ""end_dt_tm"": ""end_dt_tm"", ""feed_back_txt"": ""feed_back_txt"", ""ovral_rep_stsfn_desc"": ""ovral_rep_stsfn_desc"", ""knlg_and_exprts_desc"": ""knlg_and_exprts_desc"", ""req_rsol_ind"": ""req_rsol_ind"", ""agnt_id"": ""agnt_id"", ""topic_desc"": ""topic_desc"", ""sb_topic_desc"": ""sb_topic_desc"", ""case_sts"": ""case_sts"", ""bus_unit_nm"": ""bus_unit_nm"", ""srv_lvl_type"": ""srv_lvl_type"", ""enge_type"": ""enge_type"", ""otcm_txt"": ""otcm_txt""}",No,,No,Yes,"{""lang_cd"": ""substr(1,2)"", ""srv_lvl_type"": ""substr(1,2)""}"
iex_actvt_cd_map_prep,"c_oid,cust_nm,cust_id,prtn_nm,actvt_cd_nm,util_grp,ot_ind,excs_time_ind,iex_cntrlble_ind,opn_ind,unon_ind,trng_ind,start_dt,end_dt,rsrvd_1_txt,rsrvd_2_txt,rsrvd_3_txt,rsrvd_4_txt,rsrvd_5_txt,rsrvd_6_txt,rsrvd_7_txt,rsrvd_8_txt,rsrvd_9_txt,rsrvd_10_txt","{""c_oid"": ""c_oid"", ""cust_nm"": ""cust_nm"", ""cust_id"": ""cust_id"", ""prtn_nm"": ""prtn_nm"", ""actvt_cd_nm"": ""actvt_cd_nm"", ""util_grp"": ""util_grp"", ""ot_ind"": ""ot_ind"", ""excs_time_ind"": ""excs_time_ind"", ""iex_cntrlble_ind"": ""iex_cntrlble_ind"", ""opn_ind"": ""opn_ind"", ""unon_ind"": ""unon_ind"", ""trng_ind"": ""trng_ind"", ""start_dt"": ""start_dt"", ""end_dt"": ""end_dt"", ""rsrvd_1_txt"": ""rsrvd_1_txt"", ""rsrvd_2_txt"": ""rsrvd_2_txt"", ""rsrvd_3_txt"": ""rsrvd_3_txt"", ""rsrvd_4_txt"": ""rsrvd_4_txt"", ""rsrvd_5_txt"": ""rsrvd_5_txt"", ""rsrvd_6_txt"": ""rsrvd_6_txt"", ""rsrvd_7_txt"": ""rsrvd_7_txt"", ""rsrvd_8_txt"": ""rsrvd_8_txt"", ""rsrvd_9_txt"": ""rsrvd_9_txt"", ""rsrvd_10_txt"": ""rsrvd_10_txt""}",No,,No,Yes,{}
retail_ivr_prep,"calls,call_id,start_dt_tm,ani,phon_nbr_etr,verint_id,ct_conv_dt,ct_conv_dy,ct_conv_tm,ct_conv_hr,dnis_cat,dnis_cat_grp,app,sb_app,trnfr_flg,otcm,exit_cd,rgn,mkt,spkn_lang,rtl_fnl_store_id,rtl_fnl_store_nm,rtl_fnl_store_type,rtl_otcm,init_main_menu_sel,fnl_main_menu_sel,nbr_of_rtry","{""calls"": ""calls"", ""call_id"": ""call_id"", ""start_dt_tm"": ""start_dt_tm"", ""ani"": ""ani"", ""phon_nbr_etr"": ""phon_nbr_etr"", ""verint_id"": ""verint_id"", ""ct_conv_dt"": ""ct_conv_dt"", ""ct_conv_dy"": ""ct_conv_dy"", ""ct_conv_tm"": ""ct_conv_tm"", ""ct_conv_hr"": ""ct_conv_hr"", ""dnis_cat"": ""dnis_cat"", ""dnis_cat_grp"": ""dnis_cat_grp"", ""app"": ""app"", ""sb_app"": ""sb_app"", ""trnfr_flg"": ""trnfr_flg"", ""otcm"": ""otcm"", ""exit_cd"": ""exit_cd"", ""rgn"": ""rgn"", ""mkt"": ""mkt"", ""spkn_lang"": ""spkn_lang"", ""rtl_fnl_store_id"": ""rtl_fnl_store_id"", ""rtl_fnl_store_nm"": ""rtl_fnl_store_nm"", ""rtl_fnl_store_type"": ""rtl_fnl_store_type"", ""rtl_otcm"": ""rtl_otcm"", ""init_main_menu_sel"": ""init_main_menu_sel"", ""fnl_main_menu_sel"": ""fnl_main_menu_sel"", ""nbr_of_rtry"": ""nbr_of_rtry""}",No,,No,Yes,"{""call_id"": ""trim"", ""start_dt_tm"": ""to_timestamp(E3BMMMBDDBYYBHH:MI:SS))"", ""verint_id"": ""trim"", ""ct_conv_dt"": ""to_date(DD-MON-YY)"", ""ct_conv_dy"": ""trim"", ""ct_conv_tm"": ""to_timestamp(hh:mi:ss)"", ""dnis_cat"": ""trim"", ""dnis_cat_grp"": ""trim"", ""app"": ""trim"", ""sb_app"": ""trim"", ""trnfr_flg"": ""trim"", ""otcm"": ""trim"", ""exit_cd"": ""trim"", ""rgn"": ""trim"", ""mkt"": ""trim"", ""spkn_lang"": ""trim"", ""rtl_fnl_store_id"": ""trim"", ""rtl_fnl_store_nm"": ""trim"", ""rtl_fnl_store_type"": ""trim"", ""rtl_otcm"": ""trim"", ""init_main_menu_sel"": ""trim"", ""fnl_main_menu_sel"": ""trim""}"
iex_inbnd_tm_dtv_prep,"ctrl_dt,cust_nm,cust_id,prtn_nm,acd_id,acd_nm,pbx_key,tmzn_val,src_rep_id,extrnl_id,lgn_id,rep_nm,prsn,sen_dt,altrnt_sen_dt,mgt_unit_id,mgt_unit_nm,prsnl_id,dspt_splt_cd,pbx_skl,ct_dt,start_dt,act_aht_sec,tlk_tm_val,hd_tm_val,aswr_call_cnt,acw_tm_val,src_load_dt,src_data_dt,src_updt_dt","{""ctrl_dt"": ""ctrl_dt"", ""cust_nm"": ""cust_nm"", ""cust_id"": ""cust_id"", ""prtn_nm"": ""prtn_nm"", ""acd_id"": ""acd_id"", ""acd_nm"": ""acd_nm"", ""pbx_key"": ""pbx_key"", ""tmzn_val"": ""tmzn_val"", ""src_rep_id"": ""src_rep_id"", ""extrnl_id"": ""extrnl_id"", ""lgn_id"": ""lgn_id"", ""rep_nm"": ""rep_nm"", ""prsn"": ""prsn"", ""sen_dt"": ""sen_dt"", ""altrnt_sen_dt"": ""altrnt_sen_dt"", ""mgt_unit_id"": ""mgt_unit_id"", ""mgt_unit_nm"": ""mgt_unit_nm"", ""prsnl_id"": ""prsnl_id"", ""dspt_splt_cd"": ""dspt_splt_cd"", ""pbx_skl"": ""pbx_skl"", ""ct_dt"": ""ct_dt"", ""start_dt"": ""start_dt"", ""act_aht_sec"": ""act_aht_sec"", ""tlk_tm_val"": ""tlk_tm_val"", ""hd_tm_val"": ""hd_tm_val"", ""aswr_call_cnt"": ""aswr_call_cnt"", ""acw_tm_val"": ""acw_tm_val"", ""src_load_dt"": ""src_load_dt"", ""src_data_dt"": ""src_data_dt"", ""src_updt_dt"": ""src_updt_dt""}",No,,No,Yes,"{""ct_dt"": ""to_timestamp(yyyy-mm-dd)"", ""src_load_dt"": ""to_timestamp(yyyy-mm-dd)"", ""src_updt_dt"": ""to_timestamp(yyyy-mm-dd)""}"
ccpm_wrd_sls_ord_hdr_prep,"record_type,order_id,src_ord_id,src_ord_type,src_ord_status_cd,src_acct_id,contact_id,src_disc_reason_cd,src_cancel_reason_cd,src_post_dt,src_due_dt,batch_process_dt,issue_dt,cancel_dt,completion_dt,post_dt,ord_status_cd,order_sales_cd,region,state_cd,order_type,bill_nm,feed_cd,source_feed_id,btn,cust_cd,joint_bill_ind,anchor_affiliate_type_cd,supersede_ind,digital_life_ind,customer_type_cd,migration_ind,creation_application,hdr_audit_trail_create_dt,hdr_audit_trail_update_dt,first_open_month,audit_trail_create_dt,eml_addr,src_effbill_dt,xref_order_id,xref_order_type,c_plus_minus,order_creator_attuid,billing_account_nbr,trial_start_dt,trial_end_dt,billing_start_dt,billing_end_dt,nffl_ind,cmn_ord_id,CONTRCT_ID,BRE_START_DT,BRE_END_DT,DVC_ACTVTN_DT","{""order_id"": ""ord_id"", ""src_ord_id"": ""src_sys_srv_ord_id"", ""src_ord_type"": ""src_sys_ord_type_cd"", ""src_ord_status_cd"": ""src_sys_ord_sts_cd"", ""src_acct_id"": ""src_acct_id"", ""contact_id"": ""contct_id"", ""src_disc_reason_cd"": ""src_sys_disc_rsn_cd"", ""src_cancel_reason_cd"": ""src_sys_cxl_rsn_cd"", ""src_post_dt"": ""src_sys_postd_dt"", ""src_due_dt"": ""src_sys_due_dt"", ""batch_process_dt"": ""batch_procs_dt"", ""issue_dt"": ""srv_ord_isu_dt"", ""cancel_dt"": ""ord_cxl_dt"", ""completion_dt"": ""ord_compl_dt"", ""post_dt"": ""batch_postd_dt"", ""ord_status_cd"": ""ord_sts_cd"", ""order_sales_cd"": ""ord_sls_cd"", ""region"": ""rgn_cd"", ""state_cd"": ""srv_addr_st_cd"", ""order_type"": ""ord_type_cd"", ""bill_nm"": ""cust_bl_nm"", ""feed_cd"": ""src_sys_cd"", ""source_feed_id"": ""src_sys_id"", ""btn"": ""btn"", ""cust_cd"": ""cust_cd"", ""joint_bill_ind"": ""jnt_bl_ind"", ""anchor_affiliate_type_cd"": ""anhr_aflt_type_cd"", ""supersede_ind"": ""supsd_ind"", ""digital_life_ind"": ""digl_life_ind"", ""customer_type_cd"": ""cust_type_cd"", ""migration_ind"": ""migr_ind"", ""creation_application"": ""crtn_app_nm"", ""hdr_audit_trail_create_dt"": ""ccpm_mtrc_create_dt"", ""hdr_audit_trail_update_dt"": ""ccpm_updt_dt"", ""first_open_month"": ""ccpm_opn_mnth_nbr"", ""eml_addr"": ""eml_addr"", ""src_effbill_dt"": ""srv_ord_eff_bill_dt"", ""xref_order_id"": ""xref_ord_id"", ""xref_order_type"": ""xref_ord_type"", ""c_plus_minus"": ""c_plus_minus"", ""order_creator_attuid"": ""ord_crtr_attuid"", ""billing_account_nbr"": ""ban"", ""trial_start_dt"": ""trial_start_dt"", ""trial_end_dt"": ""trial_end_dt"", ""billing_start_dt"": ""blng_start_dt"", ""billing_end_dt"": ""blng_end_dt"", ""nffl_ind"": ""nffl_ind"", ""cmn_ord_id"": ""cmn_ord_id"", ""CONTRCT_ID"": ""CONTRCT_ID"", ""BRE_START_DT"": ""BRE_START_DT"", ""BRE_END_DT"": ""BRE_END_DT"", ""DVC_ACTVTN_DT"": ""DVC_ACTVTN_DT""}",Yes,,No,Yes,"{""src_sys_postd_dt"": ""to_date(MM/DD/YYYY)"", ""src_sys_due_dt"": ""to_date(MM/DD/YYYY)"", ""batch_procs_dt"": ""to_date(MM/DD/YYYY)"", ""srv_ord_isu_dt"": ""to_date(MM/DD/YYYY)"", ""ord_cxl_dt"": ""to_date(MM/DD/YYYY)"", ""ord_compl_dt"": ""to_date(MM/DD/YYYY)"", ""batch_postd_dt"": ""to_date(MM/DD/YYYY)"", ""btn"": ""CASEWHEN(POSITION(INTRIM(:btn)>0)OR(UPPER(TRIM(:btn)(CASESPECIFIC)<>LOWER(TRIM(:btn)(CASESPECIFIC)THEN-1ELSE:btnEND(DECIMAL(22,0)"", ""ccpm_mtrc_create_dt"": ""to_date(MM/DD/YYYY)"", ""ccpm_updt_dt"": ""to_date(MM/DD/YYYY)"", ""srv_ord_eff_bill_dt"": ""to_date(MM/DD/YYYY)"", ""trial_start_dt"": ""to_date(MM/DD/YYYY)"", ""trial_end_dt"": ""to_date(MM/DD/YYYY)"", ""blng_start_dt"": ""to_date(MM/DD/YYYY)"", ""blng_end_dt"": ""to_date(MM/DD/YYYY)"", ""BRE_START_DT"": ""to_date(MM/DD/YYYY)"", ""BRE_END_DT"": ""to_date(MM/DD/YYYY)"", ""DVC_ACTVTN_DT"": ""to_date(MM/DD/YYYY)""}"
iex_schd_dtv_prep,"ctrl_dt,src_load_ts,cust_nm,prtn_nm,cust_id,c_agnt_schd,c_excpt,mgt_unit_id,mgt_unit_nm,src_rep_id,lgn_id,prsn,rep_nm,sen_dt,altrnt_sen_dt,extrn_id,prsnl_id,excpt_oid,excpt_lngth,actvt_nm,agnt_c_oid,asa_c_oid,c_nm,util_grp,ot_ind,excs_time_ind,iex_cntrlble_ind,opn_ind,unon_ind,trng_ind,shft_start_tm,shft_end_tm,actvt_start_tm,actvt_end_tm,excl_ind,src_updt_ts,src_data_dt","{""ctrl_dt"": ""ctrl_dt"", ""src_load_ts"": ""src_load_ts"", ""cust_nm"": ""cust_nm"", ""prtn_nm"": ""prtn_nm"", ""cust_id"": ""cust_id"", ""c_agnt_schd"": ""c_agnt_schd"", ""c_excpt"": ""c_excpt"", ""mgt_unit_id"": ""mgt_unit_id"", ""mgt_unit_nm"": ""mgt_unit_nm"", ""src_rep_id"": ""src_rep_id"", ""lgn_id"": ""lgn_id"", ""prsn"": ""prsn"", ""rep_nm"": ""rep_nm"", ""sen_dt"": ""sen_dt"", ""altrnt_sen_dt"": ""altrnt_sen_dt"", ""extrn_id"": ""extrn_id"", ""prsnl_id"": ""prsnl_id"", ""excpt_oid"": ""excpt_oid"", ""excpt_lngth"": ""excpt_lngth"", ""actvt_nm"": ""actvt_nm"", ""agnt_c_oid"": ""agnt_c_oid"", ""asa_c_oid"": ""asa_c_oid"", ""c_nm"": ""c_nm"", ""util_grp"": ""util_grp"", ""ot_ind"": ""ot_ind"", ""excs_time_ind"": ""excs_time_ind"", ""iex_cntrlble_ind"": ""iex_cntrlble_ind"", ""opn_ind"": ""opn_ind"", ""unon_ind"": ""unon_ind"", ""trng_ind"": ""trng_ind"", ""shft_start_tm"": ""shft_start_tm"", ""shft_end_tm"": ""shft_end_tm"", ""actvt_start_tm"": ""actvt_start_tm"", ""actvt_end_tm"": ""actvt_end_tm"", ""excl_ind"": ""excl_ind"", ""src_updt_ts"": ""src_updt_ts"", ""src_data_dt"": ""src_data_dt""}",No,,No,No,"{""ctrl_dt"": ""to_date(yyyy-mm-dd)"", ""src_load_ts"": ""to_timestamp()"", ""cust_nm"": ""trim"", ""prtn_nm"": ""trim"", ""cust_id"": ""trim"", ""c_agnt_schd"": ""trim"", ""c_excpt"": ""trim"", ""mgt_unit_id"": ""trim"", ""mgt_unit_nm"": ""trim"", ""src_rep_id"": ""trim"", ""lgn_id"": ""trim"", ""prsn"": ""trim"", ""rep_nm"": ""trim"", ""sen_dt"": ""trim"", ""altrnt_sen_dt"": ""trim"", ""extrn_id"": ""trim"", ""prsnl_id"": ""trim"", ""excpt_oid"": ""trim"", ""excpt_lngth"": ""trim"", ""actvt_nm"": ""trim"", ""agnt_c_oid"": ""trim"", ""asa_c_oid"": ""trim"", ""c_nm"": ""trim"", ""util_grp"": ""trim"", ""ot_ind"": ""trim"", ""excs_time_ind"": ""trim"", ""iex_cntrlble_ind"": ""trim"", ""opn_ind"": ""trim"", ""unon_ind"": ""trim"", ""trng_ind"": ""trim"", ""shft_start_tm"": ""trim"", ""shft_end_tm"": ""trim"", ""actvt_start_tm"": ""trim"", ""actvt_end_tm"": ""trim"", ""excl_ind"": ""trim"", ""src_updt_ts"": ""to_timestamp()"", ""src_data_dt"": ""to_date(yyyy-mm-dd)""}"
qfi_vrint_prep,"src_nm,srvr_src_nm,attuid,montr_trans_id,montr_start_dt_tm,ani,montr_dur,montr_type,montr_desc,dnis,BTN,acct_nbr","{""src_nm"": ""src_nm"", ""srvr_src_nm"": ""svr_src_nm"", ""attuid"": ""attuid"", ""montr_trans_id"": ""montr_trans_id"", ""montr_start_dt_tm"": ""montr_strt_ts"", ""ani"": ""autmtc_nbr_id"", ""montr_dur"": ""montr_dur"", ""montr_type"": ""montr_type"", ""montr_desc"": ""montr_desc"", ""dnis"": ""diald_nbr_id"", ""BTN"": ""btn"", ""acct_nbr"": ""acct_nbr""}",No,,No,Yes,"{""montr_strt_ts"": ""to_timestamp(YYYY-MM-DDBHH:MI:SS.S(0))""}"
cde_histcl_calc_var_prep,"calc_dt,idx_grp_id,hier_afnty_id,nbr_of_cnt,medn_val,mnm_val,upr_bnd_qtr_1,upr_bnd_qtr_2,upr_bnd_qtr_3,mx_val,intrqtl_rng_val,bus_unit_mltpyr_intrqtl_rng_val,intrqtl_rng_mltpyr_val,intrqtl_rng_thrshld_val,st_dvtn_val,varn_val,mean_val,bus_unit_mltpyr_st_dvtn_val,st_dvtn_thrshld_val,bus_unit_wk_nbr,start_dt,end_dt,contct_kpi_id,tot_contct_val,tot_crdts_val,mnm_idx_dt,mx_idx_dt,day_mnm_idx_dt,day_mx_idx_dt,diff_idx_dt,mnm_idx_excl_flg,mx_idx_excl_flg,bus_unit_afnty_excl_flg,attuid","{""calc_dt"": ""calc_dt"", ""idx_grp_id"": ""idx_grp_id"", ""hier_afnty_id"": ""hier_afnty_id"", ""nbr_of_cnt"": ""nbr_of_cnt"", ""medn_val"": ""medn_val"", ""mnm_val"": ""mnm_val"", ""upr_bnd_qtr_1"": ""upr_bnd_qtr_1"", ""upr_bnd_qtr_2"": ""upr_bnd_qtr_2"", ""upr_bnd_qtr_3"": ""upr_bnd_qtr_3"", ""mx_val"": ""mx_val"", ""intrqtl_rng_val"": ""intrqtl_rng_val"", ""bus_unit_mltpyr_intrqtl_rng_val"": ""bus_unit_mltpyr_intrqtl_rng_val"", ""intrqtl_rng_mltpyr_val"": ""intrqtl_rng_mltpyr_val"", ""intrqtl_rng_thrshld_val"": ""intrqtl_rng_thrshld_val"", ""st_dvtn_val"": ""st_dvtn_val"", ""varn_val"": ""varn_val"", ""mean_val"": ""mean_val"", ""bus_unit_mltpyr_st_dvtn_val"": ""bus_unit_mltpyr_st_dvtn_val"", ""st_dvtn_thrshld_val"": ""st_dvtn_thrshld_val"", ""bus_unit_wk_nbr"": ""bus_unit_wk_nbr"", ""start_dt"": ""start_dt"", ""end_dt"": ""end_dt"", ""contct_kpi_id"": ""contct_kpi_id"", ""tot_contct_val"": ""tot_contct_val"", ""tot_crdts_val"": ""tot_crdts_val"", ""mnm_idx_dt"": ""mnm_idx_dt"", ""mx_idx_dt"": ""mx_idx_dt"", ""day_mnm_idx_dt"": ""day_mnm_idx_dt"", ""day_mx_idx_dt"": ""day_mx_idx_dt"", ""diff_idx_dt"": ""diff_idx_dt"", ""mnm_idx_excl_flg"": ""mnm_idx_excl_flg"", ""mx_idx_excl_flg"": ""mx_idx_excl_flg"", ""bus_unit_afnty_excl_flg"": ""bus_unit_afnty_excl_flg"", ""attuid"": ""attuid""}",No,,No,Yes,"{""calc_dt"": ""to_date(YYYY-MM-DD)"", ""idx_grp_id"": ""trim"", ""hier_afnty_id"": ""trim"", ""nbr_of_cnt"": ""trim"", ""medn_val"": ""trim"", ""mnm_val"": ""trim"", ""upr_bnd_qtr_1"": ""trim"", ""upr_bnd_qtr_2"": ""trim"", ""upr_bnd_qtr_3"": ""trim"", ""mx_val"": ""trim"", ""intrqtl_rng_val"": ""trim"", ""bus_unit_mltpyr_intrqtl_rng_val"": ""trim"", ""intrqtl_rng_mltpyr_val"": ""trim"", ""intrqtl_rng_thrshld_val"": ""trim"", ""st_dvtn_val"": ""trim"", ""varn_val"": ""trim"", ""mean_val"": ""trim"", ""bus_unit_mltpyr_st_dvtn_val"": ""trim"", ""st_dvtn_thrshld_val"": ""trim"", ""bus_unit_wk_nbr"": ""trim"", ""start_dt"": ""to_date(YYYY-MM-DD)"", ""end_dt"": ""to_date(YYYY-MM-DD)"", ""contct_kpi_id"": ""trim"", ""tot_contct_val"": ""trim"", ""tot_crdts_val"": ""trim"", ""mnm_idx_dt"": ""to_date(YYYY-MM-DD)"", ""mx_idx_dt"": ""to_date(YYYY-MM-DD)"", ""day_mnm_idx_dt"": ""trim"", ""day_mx_idx_dt"": ""trim"", ""diff_idx_dt"": ""trim"", ""mnm_idx_excl_flg"": ""trim"", ""mx_idx_excl_flg"": ""trim"", ""bus_unit_afnty_excl_flg"": ""trim"", ""attuid"": ""trim""}"
ofe_offr_dtl_prep,"offr_id,offr_grp,prpstn_grp_txt,prpstn_txt,bllr_type,prpstn_grp,prpstn_nm,pitch_type,bhvr_desc,resp_desc,evt_type,offr_type","{""offr_id"": ""offr_id"", ""offr_grp"": ""offr_grp"", ""prpstn_grp_txt"": ""prpstn_grp_txt"", ""prpstn_txt"": ""prpstn_txt"", ""bllr_type"": ""bllr_type"", ""prpstn_grp"": ""prpstn_grp"", ""prpstn_nm"": ""prpstn_nm"", ""pitch_type"": ""pitch_type"", ""bhvr_desc"": ""bhvr_desc"", ""resp_desc"": ""resp_desc"", ""evt_type"": ""evt_type"", ""offr_type"": ""offr_type""}",No,,No,Yes,"{""offr_id"": ""trim"", ""offr_grp"": ""trim"", ""prpstn_grp_txt"": ""trim"", ""prpstn_txt"": ""trim"", ""bllr_type"": ""trim"", ""prpstn_grp"": ""trim"", ""prpstn_nm"": ""trim"", ""pitch_type"": ""trim"", ""bhvr_desc"": ""trim"", ""resp_desc"": ""trim"", ""evt_type"": ""trim"", ""offr_type"": ""trim""}"
hbomx_promo_tool_prep,"attuid,ban,promo_cd,hbo_promo_dt,hbo_promo_type,dlr_code","{""attuid"": ""attuid"", ""ban"": ""ban"", ""promo_cd"": ""promo_cd"", ""hbo_promo_dt"": ""hbo_promo_dt"", ""hbo_promo_type"": ""hbo_promo_type"", ""dlr_code"": ""dlr_code""}",No,,No,Yes,"{""attuid"": ""trim"", ""ban"": ""trim"", ""promo_cd"": ""trim"", ""hbo_promo_dt"": ""to_timestamp()"", ""hbo_promo_type"": ""trim"", ""dlr_code"": ""trim""}"
mstry_shp_srvy_prep,"srvy_nm,Evaluation_ID,complete_dt,trans_start_tm,trans_end_tm,loc_id,rgn_nm,mkt_nm,dos_nm,arsm_nm,actn_cd","{""complete_dt"": ""shp_dt"", ""Evaluation_ID"": ""srvy_resp_id"", ""srvy_nm"": ""srvy_nm"", ""trans_start_tm"": ""start_tm"", ""trans_end_tm"": ""fnsh_tm"", ""loc_id"": ""loc_id"", ""rgn_nm"": ""rgn_nm"", ""mkt_nm"": ""mkt_nm"", ""dos_nm"": ""dos_nm"", ""arsm_nm"": ""arsm_nm"", ""actn_cd"": ""actn_cd""}",No,,No,Yes,"{""shp_dt"": ""to_date(MM/DD/YYYY)"", ""start_tm"": ""to_timestamp(HH:MI)"", ""fnsh_tm"": ""to_timestamp(HH:MI)""}"
iex_adhrnc_dtv_prep,"dt,TZ,custid,muid,tvid,acdid,logonid,agentname,modify1,totalact,totalinadh,totaloutadh,totalSched,adhPct,attuid,node_name,cust_name,Load_ts,Data_dt,exclusion_indicator","{""dt"": ""start_dt"", ""TZ"": ""tmzn_val"", ""custid"": ""cust_id"", ""muid"": ""mgt_unit_id"", ""tvid"": ""tv_id"", ""acdid"": ""acd_id"", ""logonid"": ""lgn_id"", ""agentname"": ""agnt_nm"", ""modify1"": ""mdfy_by_val"", ""totalact"": ""tot_act_val"", ""totalinadh"": ""tot_in_adhrnc_val"", ""totaloutadh"": ""tot_out_adhrnc_val"", ""totalSched"": ""tot_sched_val"", ""adhPct"": ""adhrnc_pct_val"", ""attuid"": ""rep_attuid"", ""node_name"": ""node_nm"", ""cust_name"": ""cust_nm"", ""Load_ts"": ""src_load_ts"", ""Data_dt"": ""src_data_dt"", ""exclusion_indicator"": ""excl_ind""}",No,,No,Yes,"{""start_dt"": ""to_date(YYYY-MM-DD)"", ""tmzn_val"": ""trim"", ""cust_id"": ""trim"", ""mgt_unit_id"": ""trim"", ""tv_id"": ""trim"", ""acd_id"": ""trim"", ""lgn_id"": ""trim"", ""agnt_nm"": ""trim"", ""mdfy_by_val"": ""trim"", ""tot_act_val"": ""trim"", ""tot_in_adhrnc_val"": ""trim"", ""tot_out_adhrnc_val"": ""trim"", ""tot_sched_val"": ""trim"", ""adhrnc_pct_val"": ""trim"", ""rep_attuid"": ""trim"", ""node_nm"": ""trim"", ""cust_nm"": ""trim"", ""src_load_ts"": ""to_timestamp(YYYY/MM/DDBHH:MI:SS)"", ""src_data_dt"": ""to_date(YYYYMMDD)"", ""excl_ind"": ""trim""}"
cde_agnt_supn_prep,"supn_dt_ts,supn_id,attuid,supn_trans_id,supn_crdt_per_contct,tot_supn_crdt_amt,tot_supn_contct_cnt,rel_dt_ts,rel_aprvr_id,rel_trans_id","{""supn_id"": ""supn_id"", ""supn_trans_id"": ""supn_trans_id"", ""supn_dt_ts"": ""supn_dt_ts"", ""Attuid"": ""Attuid"", ""supn_crdt_per_contct"": ""supn_crdt_per_contct"", ""tot_supn_crdt_amt"": ""tot_supn_crdt_amt"", ""tot_supn_contct_cnt"": ""tot_supn_contct_cnt"", ""rel_dt_ts"": ""rel_dt_ts"", ""rel_aprvr_id"": ""rel_aprvr_id"", ""rel_trans_id"": ""rel_trans_id""}",No,,No,Yes,"{""supn_id"": ""trim"", ""supn_trans_id"": ""trim"", ""supn_dt_ts"": ""to_timestamp(YYYY/MM/DDBHH:MI:SS)"", ""Attuid"": ""trim"", ""supn_crdt_per_contct"": ""trim"", ""tot_supn_crdt_amt"": ""trim"", ""tot_supn_contct_cnt"": ""trim"", ""rel_dt_ts"": ""to_timestamp(YYYY/MM/DDBHH:MI:SS)"", ""rel_aprvr_id"": ""trim"", ""rel_trans_id"": ""trim""}"
jdpwr_srvy_resp_prep,"respondent_serial,mrp_survey_respid,question_ID,question_Label,question_Type,response,response_Label,study","{""respondent_serial"": ""rspndt_nbr"", ""mrp_survey_respid"": ""jdpwr_srvy_resp_id"", ""question_id"": ""qustn_cd"", ""question_label"": ""qustn_txt"", ""question_type"": ""qustn_type"", ""response"": ""resp_txt"", ""response_label"": ""resp_lbl_val"", ""study"": ""srvy_nm""}",No,,No,Yes,{}
iex_schd_mblty_prep,"ctrl_dt,src_load_ts,cust_nm,prtn_nm,cust_id,c_agnt_schd,c_excpt,mgt_unit_id,mgt_unit_nm,src_rep_id,lgn_id,prsn,rep_nm,sen_dt,altrnt_sen_dt,extrn_id,prsnl_id,excpt_oid,excpt_lngth,actvt_nm,agnt_c_oid,asa_c_oid,c_nm,util_grp,ot_ind,excs_time_ind,iex_cntrlble_ind,opn_ind,unon_ind,trng_ind,shft_start_tm,shft_end_tm,actvt_start_tm,actvt_end_tm,excl_ind,src_updt_ts,src_data_dt","{""ctrl_dt"": ""ctrl_dt"", ""src_load_ts"": ""src_load_ts"", ""cust_nm"": ""cust_nm"", ""prtn_nm"": ""prtn_nm"", ""cust_id"": ""cust_id"", ""c_agnt_schd"": ""c_agnt_schd"", ""c_excpt"": ""c_excpt"", ""mgt_unit_id"": ""mgt_unit_id"", ""mgt_unit_nm"": ""mgt_unit_nm"", ""src_rep_id"": ""src_rep_id"", ""lgn_id"": ""lgn_id"", ""prsn"": ""prsn"", ""rep_nm"": ""rep_nm"", ""sen_dt"": ""sen_dt"", ""altrnt_sen_dt"": ""altrnt_sen_dt"", ""extrn_id"": ""extrn_id"", ""prsnl_id"": ""prsnl_id"", ""excpt_oid"": ""excpt_oid"", ""excpt_lngth"": ""excpt_lngth"", ""actvt_nm"": ""actvt_nm"", ""agnt_c_oid"": ""agnt_c_oid"", ""asa_c_oid"": ""asa_c_oid"", ""c_nm"": ""c_nm"", ""util_grp"": ""util_grp"", ""ot_ind"": ""ot_ind"", ""excs_time_ind"": ""excs_time_ind"", ""iex_cntrlble_ind"": ""iex_cntrlble_ind"", ""opn_ind"": ""opn_ind"", ""unon_ind"": ""unon_ind"", ""trng_ind"": ""trng_ind"", ""shft_start_tm"": ""shft_start_tm"", ""shft_end_tm"": ""shft_end_tm"", ""actvt_start_tm"": ""actvt_start_tm"", ""actvt_end_tm"": ""actvt_end_tm"", ""excl_ind"": ""excl_ind"", ""src_updt_ts"": ""src_updt_ts"", ""src_data_dt"": ""src_data_dt""}",No,,No,No,"{""ctrl_dt"": ""to_date(yyyy-mm-dd)"", ""src_load_ts"": ""to_timestamp()"", ""cust_nm"": ""trim"", ""prtn_nm"": ""trim"", ""cust_id"": ""trim"", ""c_agnt_schd"": ""trim"", ""c_excpt"": ""trim"", ""mgt_unit_id"": ""trim"", ""mgt_unit_nm"": ""trim"", ""src_rep_id"": ""trim"", ""lgn_id"": ""trim"", ""prsn"": ""trim"", ""rep_nm"": ""trim"", ""sen_dt"": ""trim"", ""altrnt_sen_dt"": ""trim"", ""extrn_id"": ""trim"", ""prsnl_id"": ""trim"", ""excpt_oid"": ""trim"", ""excpt_lngth"": ""trim"", ""actvt_nm"": ""trim"", ""agnt_c_oid"": ""trim"", ""asa_c_oid"": ""trim"", ""c_nm"": ""trim"", ""util_grp"": ""trim"", ""ot_ind"": ""trim"", ""excs_time_ind"": ""trim"", ""iex_cntrlble_ind"": ""trim"", ""opn_ind"": ""trim"", ""unon_ind"": ""trim"", ""trng_ind"": ""trim"", ""shft_start_tm"": ""trim"", ""shft_end_tm"": ""trim"", ""actvt_start_tm"": ""trim"", ""actvt_end_tm"": ""trim"", ""excl_ind"": ""trim"", ""src_updt_ts"": ""to_timestamp()"", ""src_data_dt"": ""to_date(yyyy-mm-dd)""}"
iex_inbnd_tm_mblty_prep,"ctrl_dt,cust_nm,cust_id,prtn_nm,acd_id,acd_nm,pbx_key,tmzn_val,src_rep_id,extrnl_id,lgn_id,rep_nm,prsn,sen_dt,altrnt_sen_dt,mgt_unit_id,mgt_unit_nm,prsnl_id,dspt_splt_cd,pbx_skl,ct_dt,start_dt,act_aht_sec,tlk_tm_val,hd_tm_val,aswr_call_cnt,acw_tm_val,src_load_dt,src_data_dt,src_updt_dt","{""ctrl_dt"": ""ctrl_dt"", ""cust_nm"": ""cust_nm"", ""cust_id"": ""cust_id"", ""prtn_nm"": ""prtn_nm"", ""acd_id"": ""acd_id"", ""acd_nm"": ""acd_nm"", ""pbx_key"": ""pbx_key"", ""tmzn_val"": ""tmzn_val"", ""src_rep_id"": ""src_rep_id"", ""extrnl_id"": ""extrnl_id"", ""lgn_id"": ""lgn_id"", ""rep_nm"": ""rep_nm"", ""prsn"": ""prsn"", ""sen_dt"": ""sen_dt"", ""altrnt_sen_dt"": ""altrnt_sen_dt"", ""mgt_unit_id"": ""mgt_unit_id"", ""mgt_unit_nm"": ""mgt_unit_nm"", ""prsnl_id"": ""prsnl_id"", ""dspt_splt_cd"": ""dspt_splt_cd"", ""pbx_skl"": ""pbx_skl"", ""ct_dt"": ""ct_dt"", ""start_dt"": ""start_dt"", ""act_aht_sec"": ""act_aht_sec"", ""tlk_tm_val"": ""tlk_tm_val"", ""hd_tm_val"": ""hd_tm_val"", ""aswr_call_cnt"": ""aswr_call_cnt"", ""acw_tm_val"": ""acw_tm_val"", ""src_load_dt"": ""src_load_dt"", ""src_data_dt"": ""src_data_dt"", ""src_updt_dt"": ""src_updt_dt""}",No,,No,Yes,"{""ct_dt"": ""to_timestamp(yyyy-mm-dd)"", ""src_load_dt"": ""to_timestamp(yyyy-mm-dd)"", ""src_updt_dt"": ""to_timestamp(yyyy-mm-dd)""}"
jdpwr_srvy_prep,"respondent_serial,mrp_survey_respid,survey_wave,study_year,currentmonth,currentyear,mrp_survey_date,study,action_code","{""respondent_serial"": ""rspndt_nbr"", ""mrp_survey_respid"": ""jdpwr_srvy_resp_id"", ""survey_wave"": ""srvy_wave_nbr"", ""study_year"": ""srvy_yr_nbr"", ""currentmonth"": ""srvy_mnth_nbr"", ""currentyear"": ""curr_yr_nbr"", ""mrp_survey_date"": ""srvy_dt_tm_val"", ""study"": ""srvy_nm"", ""Action_code"": ""actn_cd""}",No,,No,Yes,{}
cde_agnt_warng_prxmt_prep,"warng_dt_ts,warng_id,attuid,warng_trans_id,warng_crdt_per_contct,tot_warng_crdt_amt,tot_warng_contct_cnt","{""warng_id"": ""warng_id"", ""warng_trans_id"": ""warng_trans_id"", ""warng_dt_ts"": ""warng_dt_ts"", ""attuid"": ""attuid"", ""warng_crdt_per_contct"": ""warng_crdt_per_contct"", ""tot_warng_crdt_amt"": ""tot_warng_crdt_amt"", ""tot_warng_contct_cnt"": ""tot_warng_contct_cnt""}",No,,No,Yes,"{""warng_trans_id"": ""trim"", ""warng_dt_ts"": ""to_timestamp(YYYY/MM/DDBHH:MI:SS)"", ""attuid"": ""trim"", ""warng_crdt_per_contct"": ""trim""}"
ccpm_wrd_sls_ord_dtl_prep,"record_type,order_id,source_feed_id,order_det_id,src_action_cd,action_cd,prd_cd,order_action_sales_cd,usoc,usoc_qty,upgrd_dwngrd_cd,adj_dt,remove_dt,c_ord_new_sale_ind,secondary_identifier,inc_rec_rev,inc_nonrec_rev,inc_qty,net_inc_rev,net_inc_qty,assigned_product_item_id,order_action_creator_attuid,src_bundle_identifier,src_action_status_cd,x_establish_dt,free_trail,dtvbv_plan_name,dtvbv_order_dt,dtvbv_partner_name,dtvbv_install_dt,dtvbv_install_type,dtvbv_deposit_amt,dtvbv_partner_id,dtvbv_partner_acct,dtvbv_product_status,dtvbv_joint_bill_ind,marketing_src_cd,existing_dtv_customer,dtvbv_speed,dtvbv_type,dtvbv_products_ordered,dtvbv_sel_svcs_crm,dtvbv_partner_ord_conf,dtvbv_move_ind,dtvbv_reason_cd,dtvbv_optin_dt,dtvbv_visit_id,SOURCE_BAN,TARGET_BAN,BYPASS_REASON,CLOSED_MONTH_ADJ_FLAG,SRC_ACTION_POST_DT,SRC_ACTION_CNCL_DT,SRC_ACTION_DISC_DT,SRC_ACTION_CANC_REASON_CD,SRC_ACTION_DISC_REASON_CD,PRTNR_NAME,PRTNR_EML,PRTNR_PHN_NBR,BILLER_NAME,LEGACY_BAN,CHANNEL_CODE,MIGRATION_DISCONNECTION_DATE,MIGRATION_IND,ACCT_SUB_TYPE,imei_type,imei_cat,imei_sub_cat,llp_tier,rc_rsn_cd,xref_prd_cd,sub_chort_id,sku,inst_on,lvng_unit_sts,trspt_type,trspt_type_grp","{""order_id"": ""ord_id"", ""source_feed_id"": ""src_sys_id"", ""order_det_id"": ""ord_dtl_id"", ""src_action_cd"": ""src_actn_cd"", ""action_cd"": ""actn_cd"", ""prd_cd"": ""prd_cd"", ""order_action_sales_cd"": ""ord_actn_sls_cd"", ""usoc"": ""ccpm_usoc"", ""usoc_qty"": ""usoc_qty"", ""upgrd_dwngrd_cd"": ""upgrd_dngrd_cd"", ""adj_dt"": ""adj_dt"", ""remove_dt"": ""rmv_dt"", ""c_ord_new_sale_ind"": ""new_on_chg_ord_ind"", ""secondary_identifier"": ""sec_ind"", ""inc_rec_rev"": ""incntv_recur_rvnu"", ""inc_nonrec_rev"": ""incntv_nrr"", ""inc_qty"": ""incntv_qty"", ""net_inc_rev"": ""net_incntv_rvnu"", ""net_inc_qty"": ""net_incntv_qty"", ""assigned_product_item_id"": ""asgnd_prd_itm_id"", ""order_action_creator_attuid"": ""ord_actn_crtr_attuid"", ""src_bundle_identifier"": ""src_bndl_id"", ""src_action_status_cd"": ""src_actn_sts_cd"", ""x_establish_dt"": ""x_establish_dt"", ""free_trail"": ""free_trail"", ""dtvbv_plan_name"": ""dtvbv_plan_nm"", ""dtvbv_order_dt"": ""dtvbv_ord_dt"", ""dtvbv_partner_name"": ""dtvbv_prtnr_nm"", ""dtvbv_install_dt"": ""dtvbv_insl_dt"", ""dtvbv_install_type"": ""dtvbv_insl_type"", ""dtvbv_deposit_amt"": ""dtvbv_dep_amt"", ""dtvbv_partner_id"": ""dtvbv_prtnr_id"", ""dtvbv_partner_acct"": ""dtvbv_prtnr_acct"", ""dtvbv_product_status"": ""dtvbv_prd_sts"", ""dtvbv_joint_bill_ind"": ""dtvbv_jnt_bill_ind"", ""marketing_src_cd"": ""mktg_src_cd"", ""existing_dtv_customer"": ""exst_dtv_cust"", ""dtvbv_speed"": ""dtvbv_speed"", ""dtvbv_type"": ""dtvbv_type"", ""dtvbv_products_ordered"": ""dtvbv_prd_ord"", ""dtvbv_sel_svcs_crm"": ""dtvbv_pref_srvs_crm"", ""dtvbv_partner_ord_conf"": ""dtvbv_prntr_ord_confirm"", ""dtvbv_move_ind"": ""dtvbv_mv_ind"", ""dtvbv_reason_cd"": ""dtvbv_rsn_cd"", ""dtvbv_optin_dt"": ""dtvbv_optin_dt"", ""dtvbv_visit_id"": ""dtvbv_vist_id"", ""SOURCE_BAN"": ""src_ban_desc"", ""TARGET_BAN"": ""tar_ban_desc"", ""BYPASS_REASON"": ""byps_rsn_desc"", ""CLOSED_MONTH_ADJ_FLAG"": ""closd_mnth_adj_flg"", ""SRC_ACTION_POST_DT"": ""ord_actn_postd_tm"", ""SRC_ACTION_CNCL_DT"": ""ord_actn_cxl_tm"", ""SRC_ACTION_DISC_DT"": ""ord_actn_discnt_tm"", ""SRC_ACTION_CANC_REASON_CD"": ""ord_actn_cxl_rsn_cd"", ""SRC_ACTION_DISC_REASON_CD"": ""ord_actn_discnt_rsn_cd"", ""PRTNR_NAME"": ""PRTNR_NM"", ""PRTNR_EML"": ""PRTNR_EML"", ""PRTNR_PHN_NBR"": ""PRTNR_PHN_NBR"", ""biller_name"": ""bllr_nm"", ""legacy_ban"": ""lgc_ban"", ""channel_code"": ""chnl_cd"", ""MIGRATION_DISCONNECTION_DATE"": ""migr_discnt_dt"", ""MIGRATION_IND"": ""migr_offr_ind"", ""ACCT_SUB_TYPE"": ""ACCT_SUB_TYPE"", ""imei_type"": ""imei_type"", ""imei_cat"": ""imei_cat"", ""imei_sub_cat"": ""imei_sub_cat"", ""llp_tier"": ""llp_tier"", ""rc_rsn_cd"": ""rc_rsn_cd"", ""xref_prd_cd"": ""xref_prd_cd"", ""sub_chort_id"": ""sub_chort_id"", ""sku"": ""sku"", ""inst_on"": ""inst_on"", ""lvng_unit_sts"": ""lvng_unit_sts"", ""trspt_type"": ""trspt_type"", ""trspt_type_grp"": ""trspt_type_grp""}",No,,No,Yes,"{""adj_dt"": ""to_date(MM/DD/YYYY)"", ""rmv_dt"": ""to_date(MM/DD/YYYY)"", ""x_establish_dt"": ""to_date(MM/DD/YYYY)"", ""dtvbv_ord_dt"": ""to_date(MM/DD/YYYY)"", ""dtvbv_insl_dt"": ""to_date(MM/DD/YYYY)"", ""dtvbv_optin_dt"": ""to_date(MM/DD/YYYY)"", ""ord_actn_postd_tm"": ""to_timestamp(mm/dd/yyyyBhh:mi:ss)"", ""ord_actn_cxl_tm"": ""to_timestamp(mm/dd/yyyyBhh:mi:ss)"", ""ord_actn_discnt_tm"": ""to_timestamp(mm/dd/yyyyBhh:mi:ss)"", ""migr_discnt_dt"": ""to_date(MM/DD/YYYY)""}"
cde_adj_trans_prep,"trans_id,req_dt_tm,cust_id,cust_id_type,acct_nbr,acct_nbr_type,cust_type,chnl_desc,rqstr_att_id,secur_prof_id,telg_prof_id,ban_lmt_val,ln_lmt_val,clng_sys_id,orgr_sys_nm,dbug_flg,resp_dt_tm,resp_cust_id,resp_acct_nbr,cde_resp_sts_cd,cde_sum_req_amt,cde_sum_appd_amt,case_sts_cd,case_id,dcsn_updt_trans_id,ovrd_prof_type,prd_lvl_id,goodwill_ind,prd_type,adj_expln_cd,ln_lvl_ovrd_ind,ovrd_aprvr_id,blng_sbmt_by_id,bllr_adj_trans_id,resp_goodwill_ind,chrg_cd,chrg_type,dcsn_sts_cd,req_crdt_amt,appd_amt,Prd_ovrd_prof_type,ovrd_by_usr_ind,chrg_amt,load_dt_tm,bds_trans_id,evt_id,orgr_sys_id,bl_start_dt,bl_end_dt,bl_stmnt_dt,chrg_dt,post_dt_tm,acptd_by_usr_ind,is_appd_txt,bllr_adj_sts_cd,ovrd_ind,adj_amt,fed_tax_adj_amt,st_tax_adj_amt,cnty_tax_adj_amt,sec_cnty_tax_adj_amt,tot_tax_adj_amt,credit_reason_description,adj_expln_cat_name,type_of_model,amt_rcmnd_by_model,amt_rcmnd_by_bus_rule,model_rcmnd_vrsn,soa_lmt_excd_ind,otg_start_dt,otg_rsol_dt,otg_evt_id,rsol_ind,root_cuse,ovrd_lvl_ind,ovrd_sts_ind,ovrd_req_ind,ovrd_rsn_desc,ovrd_rjct_attuid,updt_dt_tm","{""trans_id"": ""trans_id"", ""req_dt_tm"": ""req_dt_tm"", ""cust_id"": ""cust_id"", ""cust_id_type"": ""cust_id_type"", ""acct_nbr"": ""acct_nbr"", ""acct_nbr_type"": ""acct_nbr_type"", ""cust_type"": ""cust_type"", ""chnl_desc"": ""chnl_desc"", ""rqstr_att_id"": ""rqstr_att_id"", ""secur_prof_id"": ""secur_prof_id"", ""telg_prof_id"": ""telg_prof_id"", ""ban_lmt_val"": ""ban_lmt_val"", ""ln_lmt_val"": ""ln_lmt_val"", ""clng_sys_id"": ""clng_sys_id"", ""orgr_sys_nm"": ""orgr_sys_nm"", ""dbug_flg"": ""dbug_flg"", ""resp_dt_tm"": ""resp_dt_tm"", ""resp_cust_id"": ""resp_cust_id"", ""resp_acct_nbr"": ""resp_acct_nbr"", ""cde_resp_sts_cd"": ""cde_resp_sts_cd"", ""cde_sum_req_amt"": ""cde_sum_req_amt"", ""cde_sum_appd_amt"": ""cde_sum_appd_amt"", ""case_sts_cd"": ""case_sts_cd"", ""case_id"": ""case_id"", ""dcsn_updt_trans_id"": ""dcsn_updt_trans_id"", ""ovrd_prof_type"": ""ovrd_prof_type"", ""prd_lvl_id"": ""prd_lvl_id"", ""goodwill_ind"": ""goodwill_ind"", ""prd_type"": ""prd_type"", ""adj_expln_cd"": ""adj_expln_cd"", ""ln_lvl_ovrd_ind"": ""ln_lvl_ovrd_ind"", ""ovrd_aprvr_id"": ""ovrd_aprvr_id"", ""blng_sbmt_by_id"": ""blng_sbmt_by_id"", ""bllr_adj_trans_id"": ""bllr_adj_trans_id"", ""resp_goodwill_ind"": ""resp_goodwill_ind"", ""chrg_cd"": ""chrg_cd"", ""chrg_type"": ""chrg_type"", ""dcsn_sts_cd"": ""dcsn_sts_cd"", ""req_crdt_amt"": ""req_crdt_amt"", ""appd_amt"": ""appd_amt"", ""Prd_ovrd_prof_type"": ""Prd_ovrd_prof_type"", ""ovrd_by_usr_ind"": ""ovrd_by_usr_ind"", ""chrg_amt"": ""chrg_amt"", ""load_dt_tm"": ""load_dt_tm"", ""bds_trans_id"": ""bds_trans_id"", ""evt_id"": ""evt_id"", ""orgr_sys_id"": ""orgr_sys_id"", ""bl_start_dt"": ""bl_start_dt"", ""bl_end_dt"": ""bl_end_dt"", ""bl_stmnt_dt"": ""bl_stmnt_dt"", ""chrg_dt"": ""chrg_dt"", ""post_dt_tm"": ""post_dt_tm"", ""acptd_by_usr_ind"": ""acptd_by_usr_ind"", ""is_appd_txt"": ""is_appd_txt"", ""bllr_adj_sts_cd"": ""bllr_adj_sts_cd"", ""ovrd_ind"": ""ovrd_ind"", ""adj_amt"": ""adj_amt"", ""fed_tax_adj_amt"": ""fed_tax_adj_amt"", ""st_tax_adj_amt"": ""st_tax_adj_amt"", ""cnty_tax_adj_amt"": ""cnty_tax_adj_amt"", ""sec_cnty_tax_adj_amt"": ""sec_cnty_tax_adj_amt"", ""tot_tax_adj_amt"": ""tot_tax_adj_amt"", ""credit_reason_description"": ""crdt_rsn_desc"", ""adj_expln_cat_name"": ""adj_expln_cat_nm"", ""type_of_model"": ""type_of_model"", ""amt_rcmnd_by_model"": ""amt_rcmnd_by_model"", ""amt_rcmnd_by_bus_rule"": ""amt_rcmnd_by_bus_rule"", ""model_rcmnd_vrsn"": ""model_rcmnd_vrsn"", ""soa_lmt_excd_ind"": ""soa_lmt_excd_ind"", ""otg_start_dt"": ""otg_start_dt"", ""otg_rsol_dt"": ""otg_rsol_dt"", ""otg_evt_id"": ""otg_evt_id"", ""rsol_ind"": ""rsol_ind"", ""root_cuse"": ""root_cuse"", ""ovrd_lvl_ind"": ""ovrd_lvl_ind"", ""ovrd_sts_ind"": ""ovrd_sts_ind"", ""ovrd_req_ind"": ""ovrd_req_ind"", ""ovrd_rsn_desc"": ""ovrd_rsn_desc"", ""ovrd_rjct_attuid"": ""ovrd_rjct_attuid""}",No,,No,Yes,"{""post_dt_tm"": ""to_timestamp()""}"
iex_lgn_mblty_prep,"ctrl_dt,cust_nm,cust_id,prtn_nm,acd_id,acd_nm,tmzn_val,src_rep_id,extrnl_id,lgn_id,rep_nm,prsn,sen_dt,altrnt_sen_dt,mgt_unit_id,mgt_unit_nm,prsnl_id,ct_dt,start_dt,lgn_tm_val,not_rdy_tm_val,outbnd_call_cnt,outbnd_call_cnt_tm_val,rdy_tm_val,src_load_dt,src_data_dt,src_updt_dt","{""ctrl_dt"": ""ctrl_dt"", ""cust_nm"": ""cust_nm"", ""cust_id"": ""cust_id"", ""prtn_nm"": ""prtn_nm"", ""acd_id"": ""acd_id"", ""acd_nm"": ""acd_nm"", ""tmzn_val"": ""tmzn_val"", ""src_rep_id"": ""src_rep_id"", ""extrnl_id"": ""extrnl_id"", ""lgn_id"": ""lgn_id"", ""rep_nm"": ""rep_nm"", ""prsn"": ""prsn"", ""sen_dt"": ""sen_dt"", ""altrnt_sen_dt"": ""altrnt_sen_dt"", ""mgt_unit_id"": ""mgt_unit_id"", ""mgt_unit_nm"": ""mgt_unit_nm"", ""prsnl_id"": ""prsnl_id"", ""ct_dt"": ""ct_dt"", ""start_dt"": ""start_dt"", ""lgn_tm_val"": ""lgn_tm_val"", ""not_rdy_tm_val"": ""not_rdy_tm_val"", ""outbnd_call_cnt"": ""outbnd_call_cnt"", ""outbnd_call_cnt_tm_val"": ""outbnd_call_cnt_tm_val"", ""rdy_tm_val"": ""rdy_tm_val"", ""src_load_dt"": ""src_load_dt"", ""src_data_dt"": ""src_data_dt"", ""src_updt_dt"": ""src_updt_dt""}",No,,No,Yes,"{""ct_dt"": ""to_timestamp(yyyy-mm-dd)"", ""src_load_dt"": ""to_timestamp(yyyy-mm-dd)"", ""src_updt_dt"": ""to_timestamp(yyyy-mm-dd)""}"
ccpm_wrd_prd_ctlg_prep,"record_type,feed_cd,usoc,usoc_desc,dp_usoc,dp_usoc_desc,product_family_cd,dp_product_family_cd,audit_trail_creation_dt","{""feed_cd"": ""src_sys_cd"", ""usoc"": ""ccpm_usoc"", ""usoc_desc"": ""ccpm_usoc_desc"", ""dp_usoc"": ""cpc_usoc"", ""dp_usoc_desc"": ""cpc_usoc_desc"", ""product_family_cd"": ""ccpm_prd_fam_cd"", ""dp_product_family_cd"": ""cpc_prd_fam_cd""}",No,,No,Yes,{}
mstry_shp_srvy_resp_prep,"Evaluation_ID,qustn_id,qustn_nbr,qustn_txt,qustn_type,aswr_id,aswr_txt","{""Evaluation_ID"": ""srvy_resp_id"", ""qustn_id"": ""qustn_id"", ""qustn_nbr"": ""qustn_nm"", ""qustn_txt"": ""qustn_txt"", ""qustn_type"": ""qustn_type"", ""aswr_txt"": ""aswr_txt"", ""aswr_id"": ""aswr_nbr""}",No,,No,Yes,{}
ofe_offr_dim_prep,"offr_grp,prpstn_grp_txt,prpstn_txt,prpstn_grp,prpstn_nm","{""offr_grp"": ""offr_grp"", ""prpstn_grp_txt"": ""prpstn_grp_txt"", ""prpstn_txt"": ""prpstn_txt"", ""prpstn_grp"": ""prpstn_grp"", ""prpstn_nm"": ""prpstn_nm""}",Yes,,No,Yes,"{""offr_grp"": ""trim"", ""prpstn_grp_txt"": ""trim"", ""prpstn_txt"": ""trim"", ""prpstn_grp"": ""trim"", ""prpstn_nm"": ""trim(REGEXP_REPLACE(:prpstn_nm,[^[:ascii:]],)""}"
qltrcs_srvy_resp_prep,"srvy_resp_id,Stdy_type,qustn_id,qustn_lbl,qustn_type,Resp_txt,Resp_lbl","{""srvy_resp_id"": ""srvy_resp_id"", ""Stdy_type"": ""Stdy_type"", ""qustn_id"": ""qustn_id"", ""qustn_lbl"": ""qustn_lbl"", ""qustn_type"": ""qustn_type"", ""Resp_txt"": ""Resp_txt"", ""Resp_lbl"": ""Resp_lbl""}",No,,No,Yes,{}
ofe_offr_hdr_prep,"offr_id,ctn,acct_nbr,attuid,offr_dt,offr_tm,resp_dt,resp_tm,ampu_rnvstmnt_amt,acv_rnvstmnt_amt,intnt_lvl_1_cd,intnt_lvl_2_cd,intnt_prd_type,wrk_grp,loc_id,loc_nm,ott_acct_id,dtv_lgc_acct_id,orgn_sesn_id,equip_upgrd_elgbly_flg","{""offr_id"": ""offr_id"", ""ctn"": ""ctn"", ""acct_nbr"": ""acct_nbr"", ""attuid"": ""attuid"", ""offr_dt"": ""offr_dt"", ""offr_tm"": ""offr_tm"", ""resp_dt"": ""resp_dt"", ""resp_tm"": ""resp_tm"", ""ampu_rnvstmnt_amt"": ""ampu_rnvstmnt_amt"", ""acv_rnvstmnt_amt"": ""acv_rnvstmnt_amt"", ""intnt_lvl_1_cd"": ""intnt_lvl_1_cd"", ""intnt_lvl_2_cd"": ""intnt_lvl_2_cd"", ""intnt_prd_type"": ""intnt_prd_type"", ""wrk_grp"": ""wrk_grp"", ""loc_id"": ""loc_id"", ""loc_nm"": ""loc_nm"", ""ott_acct_id"": ""ott_acct_id"", ""dtv_lgc_acct_id"": ""dtv_lgc_acct_id"", ""orgn_sesn_id"": ""orgn_sesn_id"", ""equip_upgrd_elgbly_flg"": ""equip_upgrd_elgbly_flg""}",No,,No,Yes,"{""offr_id"": ""trim"", ""ctn"": ""trim"", ""acct_nbr"": ""trim"", ""attuid"": ""trim"", ""resp_dt"": ""trim"", ""intnt_lvl_1_cd"": ""trim"", ""intnt_lvl_2_cd"": ""trim"", ""intnt_prd_type"": ""trim"", ""wrk_grp"": ""trim"", ""loc_id"": ""trim"", ""loc_nm"": ""trim"", ""ott_acct_id"": ""trim"", ""dtv_lgc_acct_id"": ""trim"", ""orgn_sesn_id"": ""trim"", ""equip_upgrd_elgbly_flg"": ""trim""}"
qltrcs_srvy_fct_prep,"srvy_resp_id,srvy_nm,srvy_type,cust_loc_id,acct_id,acct_nbr,srv_accs_id,CTN,stdy_yr,curr_mnth,curr_yr,resp_rec_dt_tm,actn_cd","{""srvy_resp_id"": ""srvy_resp_id"", ""srvy_nm"": ""srvy_nm"", ""srvy_type"": ""srvy_type"", ""cust_loc_id"": ""cust_loc_id"", ""acct_id"": ""acct_id"", ""acct_nbr"": ""acct_nbr"", ""srv_accs_id"": ""srv_accs_id"", ""CTN"": ""CTN"", ""stdy_yr"": ""stdy_yr"", ""curr_mnth"": ""curr_mnth"", ""curr_yr"": ""curr_yr"", ""resp_rec_dt_tm"": ""resp_rec_dt_tm"", ""actn_cd"": ""actn_cd""}",No,,No,Yes,{}
hbomx_acct_hist_dim_prep,"bill_sys_geo_id,cm_id,acct_nbr,prd_sts_cd,prd_sts_desc,lob_nm,prd_lvl_1_cd,subsrptn_prd_offr_key,prd_offr_cd,hshld_hbo_mx_elgbly_ind,hbo_mx_subsrptn_actv_ind,hbo_mx_first_athntct_dt,hbo_mx_actl_prc_desc,cust_mtchd_id_base,hshld_prc_type,eff_bgn_dt,eff_end_dt","{""bill_sys_geo_id"": ""bill_sys_geo_id"", ""cm_id"": ""cust_mtchd_id_enhncd"", ""acct_nbr"": ""acct_nbr"", ""prd_sts_cd"": ""prd_sts_cd"", ""prd_sts_desc"": ""prd_sts_desc"", ""lob_nm"": ""lob_nm"", ""prd_lvl_1_cd"": ""prd_lvl_1_cd"", ""subsrptn_prd_offr_key"": ""subsrptn_prd_offr_key"", ""prd_offr_cd"": ""prd_offr_cd"", ""hshld_hbo_mx_elgbly_ind"": ""hshld_hbomx_elgbly_ind"", ""hbo_mx_subsrptn_actv_ind"": ""hbomx_subsrptn_actv_ind"", ""hbo_mx_first_athntct_dt"": ""hbomx_first_athntct_dt"", ""hbo_mx_actl_prc_desc"": ""hbomx_actl_prc_desc"", ""cust_mtchd_id_base"": ""cust_mtchd_id_base"", ""hshld_prc_type"": ""hshld_prc_type"", ""eff_bgn_dt"": ""eff_start_dt"", ""eff_end_dt"": ""eff_end_dt""}",No,,No,Yes,{}
iex_adhrnc_prep,"start_dt,tmzn_val,cust_id,mgt_unit_id,tv_id,acd_id,lgn_id,agnt_nm,mdfy_by_val,tot_act_val,tot_in_adhrnc_val,tot_out_adhrnc_val,tot_sched_val,adhrnc_pct_val,rep_attuid,node_nm,cust_nm","{""start_dt"": ""start_dt"", ""tmzn_val"": ""tmzn_val"", ""cust_id"": ""cust_id"", ""mgt_unit_id"": ""mgt_unit_id"", ""tv_id"": ""tv_id"", ""acd_id"": ""acd_id"", ""lgn_id"": ""lgn_id"", ""agnt_nm"": ""agnt_nm"", ""mdfy_by_val"": ""mdfy_by_val"", ""tot_act_val"": ""tot_act_val"", ""tot_in_adhrnc_val"": ""tot_in_adhrnc_val"", ""tot_out_adhrnc_val"": ""tot_out_adhrnc_val"", ""tot_sched_val"": ""tot_sched_val"", ""adhrnc_pct_val"": ""adhrnc_pct_val"", ""rep_attuid"": ""rep_attuid"", ""node_nm"": ""node_nm"", ""cust_nm"": ""cust_nm""}",No,,No,Yes,"{""start_dt"": ""to_date(MMDDYYYY)""}"
hbomx_promo_prep,"Promo_cd,ban,Srv_type,Sts_txt,Lst_mod_by,Promo_redmd_dt,Sys_crtn_dt_tm,Sys_updt_dt_tm","{""promo_cd"": ""Promo_cd"", ""ban"": ""ban"", ""srv_type"": ""Srv_type"", ""Sts_txt"": ""Sts_txt"", ""Lst_mod_by"": ""Lst_mod_by"", ""promo_redmd_dt"": ""Promo_redmd_dt"", ""Sys_crtn_dt_tm"": ""Sys_crtn_dt_tm"", ""Sys_updt_dt_tm"": ""Sys_updt_dt_tm""}",No,,No,Yes,"{""Promo_redmd_dt"": ""to_date(YYYY-MM-DD)"", ""Sys_crtn_dt_tm"": ""to_timestamp(YYYY-MM-DDBHH:MI:SS.S(6))"", ""Sys_updt_dt_tm"": ""to_timestamp(YYYY-MM-DDBHH:MI:SS.S(6))""}"